{
  "minecraft:recipes/redstone/noteblock": {
    "criteria": {
      "has_redstone": "2020-05-08 13:32:26 +0800"
    },
    "done": true
  },
  "minecraft:recipes/building_blocks/sandstone_slab": {
    "criteria": {
      "has_sandstone": "2020-05-08 13:49:04 +0800"
    },
    "done": true
  },
  "minecraft:recipes/building_blocks/purple_wool": {
    "criteria": {
      "has_white_wool": "2020-05-08 13:54:45 +0800"
    },
    "done": true
  },
  "tombstone:tutorial/root": {
    "criteria": {
      "auto": "2020-05-08 13:29:29 +0800"
    },
    "done": true
  },
  "minecraft:recipes/building_blocks/smooth_sandstone": {
    "criteria": {
      "has_sandstone": "2020-05-08 13:49:04 +0800"
    },
    "done": true
  },
  "minecraft:recipes/building_blocks/lime_wool": {
    "criteria": {
      "has_white_wool": "2020-05-08 13:54:45 +0800"
    },
    "done": true
  },
  "minecraft:recipes/tools/compass": {
    "criteria": {
      "has_redstone": "2020-05-08 13:32:26 +0800"
    },
    "done": true
  },
  "botania:main/lexicon_use": {
    "criteria": {
      "use_lexicon": "2020-05-08 13:47:07 +0800"
    },
    "done": true
  },
  "minecraft:adventure/kill_a_mob": {
    "criteria": {
      "spider": "2020-05-08 13:50:47 +0800"
    },
    "done": true
  },
  "minecraft:recipes/building_blocks/black_wool": {
    "criteria": {
      "has_white_wool": "2020-05-08 13:54:45 +0800"
    },
    "done": true
  },
  "botania:challenge/infinite_fruit": {
    "criteria": {
      "fruit": "2020-05-08 13:50:02 +0800"
    },
    "done": true
  },
  "minecraft:recipes/building_blocks/blue_wool": {
    "criteria": {
      "has_white_wool": "2020-05-08 13:54:45 +0800"
    },
    "done": true
  },
  "botania:challenge/king_key": {
    "criteria": {
      "key": "2020-05-08 13:50:29 +0800"
    },
    "done": true
  },
  "minecraft:recipes/combat/diamond_chestplate": {
    "criteria": {
      "has_diamond": "2020-05-08 13:32:26 +0800"
    },
    "done": true
  },
  "minecraft:recipes/decorations/white_bed": {
    "criteria": {
      "has_white_wool": "2020-05-08 13:54:45 +0800"
    },
    "done": true
  },
  "minecraft:recipes/building_blocks/green_wool": {
    "criteria": {
      "has_white_wool": "2020-05-08 13:54:45 +0800"
    },
    "done": true
  },
  "minecraft:recipes/tools/diamond_axe": {
    "criteria": {
      "has_diamond": "2020-05-08 13:32:26 +0800"
    },
    "done": true
  },
  "minecraft:recipes/building_blocks/brown_wool": {
    "criteria": {
      "has_white_wool": "2020-05-08 13:54:45 +0800"
    },
    "done": true
  },
  "minecraft:adventure/adventuring_time": {
    "criteria": {
      "desert": "2020-05-08 13:29:29 +0800"
    },
    "done": false
  },
  "minecraft:recipes/combat/diamond_leggings": {
    "criteria": {
      "has_diamond": "2020-05-08 13:32:26 +0800"
    },
    "done": true
  },
  "botania:main/dirt_rod_craft": {
    "criteria": {
      "dirtrod": "2020-05-08 13:55:29 +0800"
    },
    "done": true
  },
  "minecraft:recipes/building_blocks/magenta_wool": {
    "criteria": {
      "has_white_wool": "2020-05-08 13:54:45 +0800"
    },
    "done": true
  },
  "minecraft:recipes/misc/book": {
    "criteria": {
      "has_paper": "2020-05-08 13:32:26 +0800"
    },
    "done": true
  },
  "tombstone:tutorial/enchant_grave_key": {
    "criteria": {
      "has_upgraded_grave_key": "2020-05-08 13:45:36 +0800"
    },
    "done": true
  },
  "minecraft:recipes/building_blocks/orange_wool": {
    "criteria": {
      "has_white_wool": "2020-05-08 13:54:45 +0800"
    },
    "done": true
  },
  "minecraft:story/lava_bucket": {
    "criteria": {
      "lava_bucket": "2020-05-08 13:35:30 +0800"
    },
    "done": true
  },
  "tombstone:tutorial/find_grave_dust": {
    "criteria": {
      "has_grave_dust": "2020-05-08 13:37:28 +0800"
    },
    "done": true
  },
  "iceandfire:iceandfire/root": {
    "criteria": {
      "tick": "2020-05-08 13:29:29 +0800"
    },
    "done": true
  },
  "minecraft:husbandry/root": {
    "criteria": {
      "consumed_item": "2020-05-08 13:38:37 +0800"
    },
    "done": true
  },
  "minecraft:recipes/redstone/redstone_torch": {
    "criteria": {
      "has_redstone": "2020-05-08 13:32:26 +0800"
    },
    "done": true
  },
  "minecraft:recipes/decorations/chest": {
    "criteria": {
      "has_lots_of_items": "2020-05-08 13:32:26 +0800"
    },
    "done": true
  },
  "minecraft:recipes/decorations/painting": {
    "criteria": {
      "has_wool": "2020-05-08 13:54:45 +0800"
    },
    "done": true
  },
  "minecraft:recipes/combat/diamond_sword": {
    "criteria": {
      "has_diamond": "2020-05-08 13:32:26 +0800"
    },
    "done": true
  },
  "minecraft:recipes/building_blocks/cyan_wool": {
    "criteria": {
      "has_white_wool": "2020-05-08 13:54:45 +0800"
    },
    "done": true
  },
  "minecraft:adventure/root": {
    "criteria": {
      "killed_something": "2020-05-08 13:32:26 +0800"
    },
    "done": true
  },
  "minecraft:recipes/building_blocks/clay": {
    "criteria": {
      "has_clay_ball": "2020-05-08 13:58:36 +0800"
    },
    "done": true
  },
  "botania:main/bauble_wear": {
    "criteria": {
      "code_triggered": "2020-05-08 13:47:42 +0800"
    },
    "done": true
  },
  "minecraft:recipes/decorations/jukebox": {
    "criteria": {
      "has_diamond": "2020-05-08 13:32:26 +0800"
    },
    "done": true
  },
  "minecraft:recipes/building_blocks/light_blue_wool": {
    "criteria": {
      "has_white_wool": "2020-05-08 13:54:45 +0800"
    },
    "done": true
  },
  "minecraft:recipes/tools/clock": {
    "criteria": {
      "has_redstone": "2020-05-08 13:32:26 +0800"
    },
    "done": true
  },
  "minecraft:recipes/tools/diamond_pickaxe": {
    "criteria": {
      "has_diamond": "2020-05-08 13:32:26 +0800"
    },
    "done": true
  },
  "minecraft:recipes/tools/diamond_hoe": {
    "criteria": {
      "has_diamond": "2020-05-08 13:32:26 +0800"
    },
    "done": true
  },
  "botania:challenge/odin_ring": {
    "criteria": {
      "ring": "2020-05-08 13:47:00 +0800"
    },
    "done": true
  },
  "botania:challenge/thor_ring": {
    "criteria": {
      "ring": "2020-05-08 13:46:59 +0800"
    },
    "done": true
  },
  "minecraft:recipes/building_blocks/pink_wool": {
    "criteria": {
      "has_white_wool": "2020-05-08 13:54:45 +0800"
    },
    "done": true
  },
  "botania:challenge/flugel_eye": {
    "criteria": {
      "eye": "2020-05-08 13:51:34 +0800"
    },
    "done": true
  },
  "minecraft:adventure/kill_all_mobs": {
    "criteria": {
      "spider": "2020-05-08 13:50:47 +0800",
      "creeper": "2020-05-08 13:50:53 +0800"
    },
    "done": false
  },
  "minecraft:recipes/building_blocks/gray_wool": {
    "criteria": {
      "has_white_wool": "2020-05-08 13:54:45 +0800"
    },
    "done": true
  },
  "minecraft:recipes/tools/diamond_shovel": {
    "criteria": {
      "has_diamond": "2020-05-08 13:32:26 +0800"
    },
    "done": true
  },
  "minecraft:recipes/building_blocks/sandstone_stairs": {
    "criteria": {
      "has_sandstone": "2020-05-08 13:49:04 +0800"
    },
    "done": true
  },
  "tombstone:recipes/from_decorative_grave": {
    "criteria": {
      "has_ingredient": "2020-05-08 13:45:21 +0800"
    },
    "done": true
  },
  "minecraft:recipes/redstone/piston": {
    "criteria": {
      "has_redstone": "2020-05-08 13:32:26 +0800"
    },
    "done": true
  },
  "iceandfire:iceandfire/gorgon_head": {
    "criteria": {
      "bestiary": "2020-05-08 13:37:28 +0800"
    },
    "done": true
  },
  "minecraft:recipes/decorations/white_carpet": {
    "criteria": {
      "has_white_wool": "2020-05-08 13:54:45 +0800"
    },
    "done": true
  },
  "tombstone:tutorial/first_grave": {
    "criteria": {
      "coded_trigger": "2020-05-08 13:45:21 +0800"
    },
    "done": true
  },
  "botania:main/mana_blaster_shoot": {
    "criteria": {
      "shoot": "2020-05-08 13:53:10 +0800"
    },
    "done": true
  },
  "minecraft:recipes/combat/diamond_boots": {
    "criteria": {
      "has_diamond": "2020-05-08 13:32:26 +0800"
    },
    "done": true
  },
  "tombstone:tutorial/info_grave_key": {
    "criteria": {
      "grave_key": "2020-05-08 13:45:21 +0800"
    },
    "done": true
  },
  "minecraft:story/mine_diamond": {
    "criteria": {
      "diamond": "2020-05-08 13:32:26 +0800"
    },
    "done": true
  },
  "minecraft:recipes/building_blocks/light_gray_wool": {
    "criteria": {
      "has_white_wool": "2020-05-08 13:54:45 +0800"
    },
    "done": true
  },
  "minecraft:recipes/combat/diamond_helmet": {
    "criteria": {
      "has_diamond": "2020-05-08 13:32:26 +0800"
    },
    "done": true
  },
  "botania:challenge/loki_ring": {
    "criteria": {
      "ring": "2020-05-08 13:46:57 +0800"
    },
    "done": true
  },
  "minecraft:story/root": {
    "criteria": {
      "crafting_table": "2020-05-08 13:52:59 +0800"
    },
    "done": true
  },
  "minecraft:recipes/building_blocks/red_wool": {
    "criteria": {
      "has_white_wool": "2020-05-08 13:54:45 +0800"
    },
    "done": true
  },
  "minecraft:recipes/decorations/white_banner": {
    "criteria": {
      "has_white_wool": "2020-05-08 13:54:45 +0800"
    },
    "done": true
  },
  "minecraft:recipes/redstone/dropper": {
    "criteria": {
      "has_redstone": "2020-05-08 13:32:26 +0800"
    },
    "done": true
  },
  "enderioconduits:root": {
    "criteria": {
      "inv_changed-enderio:clay": "2020-05-08 13:58:36 +0800"
    },
    "done": false
  },
  "minecraft:recipes/building_blocks/yellow_wool": {
    "criteria": {
      "has_white_wool": "2020-05-08 13:54:45 +0800"
    },
    "done": true
  }
}