{"stat.chestOpened":4,"stat.walkOneCm":89025,"stat.useItem.botania.flugeleye":1,"stat.useItem.cyclicmagic.corrupted_chorus":2,"stat.killEntity.gorgon":2,"stat.damageTaken":100,"stat.killEntity.Spider":1,"stat.pickup.minecraft.clay_ball":3,"stat.furnaceInteraction":1,"stat.mobKills":5,"stat.killEntity.Creeper":1,"stat.craftItem.botania.managun":6,"stat.mineBlock.minecraft.clay":1,"stat.pickup.iceandfire.gorgon_head":2,"stat.flyOneCm":203437,"stat.pickup.minecraft.clay":10,"stat.deaths":2,"stat.pickup.minecraft.sandstone":1,"stat.useItem.botania.astrolabe":10,"stat.pickup.minecraft.diamond":8,"stat.jump":90,"stat.playOneMinute":35308,"stat.fallOneCm":224,"stat.pickup.tombstone.crafting_ingredient":1,"stat.sneakTime":1321,"stat.damageDealt":3050,"stat.pickup.minecraft.redstone":8,"stat.crouchOneCm":1890,"stat.pickup.cyclicmagic.magic_net":2,"stat.timeSinceDeath":16570,"stat.useItem.botania.exchangerod":7,"stat.craftItem.tconstruct.tooltables":1,"stat.sprintOneCm":22862,"stat.pickup.minecraft.paper":1,"stat.useItem.minecraft.stone_slab2":104,"stat.useItem.minecraft.spawn_egg":27,"stat.mineBlock.botania.livingrock":36,"stat.pickup.minecraft.mutton":10,"stat.craftingTableInteraction":1,"stat.pickup.botania.livingrock":8}