{
    "name": "呼吸困难",
    "icon": "minecraft:wool",
    "category": "effects",
    "advancement": "naturesaura:negative_imbalance",
    "pages": [
        {
            "type": "text",
            "text": "从一个区域移除$(#419600)灵气$()不仅会对受影响区域周围的植物生命产生影响，还会对需要$(item)氧气$()才能呼吸的生物产生影响。这些生物很快就会注意到，$(#419600)灵气$()消耗得越多，就越不容易呼吸：它们的肺会开始产生一种剧烈的疼痛，每隔一段时间就会刺痛一次，并且非常难以回复生命。"
        }
    ]
}
