{
    "name": "闪耀树",
    "icon": "naturesaura:gold_leaf",
    "category": "practices",
    "priority": true,
    "turnin": "naturesaura:gold_leaf",
    "pages": [
        {
            "type": "text",
            "text": "这些年来,植物学家一直试图找出$(#419600)灵气$()承载物的魔法属性，他们发现了意想不到但又很常见的主题：似乎$(item)金子$()在人类与$(#419600)灵气$()的交互中起到了重要作用。"
        },
        {
            "type": "spotlight",
            "text": "在首次接触这种物质的力量之前，你需要创造一颗$(item)闪耀树$()。它被收获时，会掉落$(item)金叶$()——一种微妙而强大的物质。创造这种树的方法很简单，合成一些$(item)闪耀纤维$()并将其放置在其他树的树冠上。一段时间后，这棵树将转化为闪耀树。",
            "item": "naturesaura:gold_leaf",
            "link_recipe": true
        },
        {
            "type": "crafting",
            "text": "合成$(item)闪耀纤维$()",
            "recipe": "naturesaura:gold_fiber"
        },
        {
            "type": "crafting",
            "text": "当$(item)金叶$()被收获后，可以简单地被压碎成$(item)金叶粉$()。它可以被放置在地面上，作为$(l:practices/tree_ritual)森林仪式$()不可缺少的一部分。",
            "recipe": "naturesaura:gold_powder"
        }
    ]
}
